Postcode,municipality
3059,Rotterdam
3062,Rotterdam
3055,Rotterdam
2994,Barendrecht
3011,Rotterdam
3253,Goeree-Overflakkee
3207,Nissewaard
2992,Barendrecht
2993,Barendrecht
3271,Hoeksche Waard
3223,Voorne aan Zee
2991,Barendrecht
3045,Rotterdam
3261,Hoeksche Waard
3039,Rotterdam
3295,Hoeksche Waard
3232,Voorne aan Zee
3056,Rotterdam
3068,Rotterdam
3161,Albrandswaard
3262,Hoeksche Waard
3116,Schiedam
3065,Rotterdam
3067,Rotterdam
3124,Schiedam
3071,Rotterdam
3054,Rotterdam
3241,Goeree-Overflakkee
3281,Hoeksche Waard
3037,Rotterdam
3162,Albrandswaard
3233,Voorne aan Zee
3291,Hoeksche Waard
3252,Goeree-Overflakkee
3051,Rotterdam
3069,Rotterdam
3077,Rotterdam
3176,Albrandswaard
3297,Hoeksche Waard
3155,Midden-Delfland
3123,Schiedam
3145,Maassluis
3072,Rotterdam
3079,Rotterdam
3016,Rotterdam
3061,Rotterdam
3083,Rotterdam
3171,Albrandswaard
3235,Voorne aan Zee
3247,Goeree-Overflakkee
3073,Rotterdam
3131,Vlaardingen
3012,Rotterdam
3076,Rotterdam
3214,Nissewaard
3075,Rotterdam
3201,Nissewaard
3137,Vlaardingen
3085,Rotterdam
3135,Vlaardingen
3181,Rotterdam
3146,Maassluis
3081,Rotterdam
3132,Vlaardingen
3195,Rotterdam
3034,Rotterdam
3078,Rotterdam
3021,Rotterdam
3192,Rotterdam
3082,Rotterdam
3263,Hoeksche Waard
3086,Rotterdam
3112,Schiedam
3074,Rotterdam
3136,Vlaardingen
3264,Hoeksche Waard
3063,Rotterdam
3231,Voorne aan Zee
3027,Rotterdam
3066,Rotterdam
3022,Rotterdam
3119,Schiedam
3206,Nissewaard
3151,Rotterdam
3191,Rotterdam
2995,Zwijndrecht
3122,Schiedam
3053,Rotterdam
3274,Hoeksche Waard
3023,Rotterdam
3286,Hoeksche Waard
3117,Schiedam
3024,Rotterdam
3251,Goeree-Overflakkee
3205,Nissewaard
3224,Voorne aan Zee
3284,Hoeksche Waard
3225,Voorne aan Zee
3028,Rotterdam
3042,Rotterdam
3038,Rotterdam
3299,Hoeksche Waard
3014,Rotterdam
3036,Rotterdam
3121,Schiedam
3134,Vlaardingen
3031,Rotterdam
3202,Nissewaard
3218,Nissewaard
3043,Rotterdam
3204,Nissewaard
3026,Rotterdam
3013,Rotterdam
3245,Goeree-Overflakkee
3025,Rotterdam
3052,Rotterdam
3035,Rotterdam
3032,Rotterdam
3144,Maassluis
3015,Rotterdam
3194,Rotterdam
3142,Maassluis
3193,Rotterdam
3257,Goeree-Overflakkee
3273,Hoeksche Waard
3208,Nissewaard
3143,Maassluis
3248,Goeree-Overflakkee
3114,Schiedam
3141,Maassluis
3267,Hoeksche Waard
3244,Goeree-Overflakkee
3237,Voorne aan Zee
3255,Goeree-Overflakkee
3238,Voorne aan Zee
3111,Schiedam
3118,Schiedam
3221,Voorne aan Zee
3033,Rotterdam
3029,Rotterdam
3243,Goeree-Overflakkee
3222,Voorne aan Zee
3258,Goeree-Overflakkee
3211,Nissewaard
3064,Rotterdam
3265,Hoeksche Waard
3147,Maassluis
3209,Nissewaard
3234,Voorne aan Zee
3227,Voorne aan Zee
3203,Nissewaard
3249,Goeree-Overflakkee
3172,Albrandswaard
3216,Nissewaard
3084,Rotterdam
3125,Schiedam
3046,Rotterdam
3087,Rotterdam
3089,Rotterdam
3044,Rotterdam
3041,Rotterdam
3292,Hoeksche Waard
3165,Albrandswaard
3133,Vlaardingen
3256,Goeree-Overflakkee
3212,Nissewaard
3293,Hoeksche Waard
3198,Rotterdam
3047,Rotterdam
3197,Rotterdam
3199,Rotterdam
3196,Rotterdam
3115,Schiedam
3113,Schiedam
3088,Rotterdam
3138,Vlaardingen
